{"py": {"Multiplication by 2": [89.6608829498291, 92.44400262832642, 93.14405918121338, 93.14405918121338, 94.09666061401367, 287.42504119873047], "Sum": [38.19704055786133, 39.01296854019165, 39.372801780700684, 39.372801780700684, 40.333688259124756, 103.1501293182373], "Power of 2": [414.8087501525879, 418.1835651397705, 421.37205600738525, 421.37205600738525, 427.96599864959717, 768.8472270965576], "Sigmoid": [313.8091564178467, 316.8325424194336, 318.41254234313965, 318.41254234313965, 322.0556974411011, 743.980884552002], "Tanh": [432.67107009887695, 435.82767248153687, 438.9251470565796, 438.9251470565796, 443.93056631088257, 739.638090133667]}, "cpp": {"Multiplication by 2": [4.39768, 4.5458099999999995, 4.6542200000000005, 4.6542200000000005, 4.819215, 17.0776], "Sum": [2.50056, 2.5194799999999997, 2.575725, 2.575725, 2.843725, 9.96992], "Power of 2": [40.9125, 41.08395, 41.42485, 41.42485, 42.72475, 82.9448], "Sigmoid": [22.414, 22.573325, 22.80245, 22.80245, 23.691625000000002, 42.3925], "Tanh": [72.3852, 72.64117499999999, 72.9547, 72.9547, 75.676775, 139.042]}, "r": {"Multiplication by 2": [5.17797470092773, 5.3021311759948695, 5.448579788208005, 5.448579788208005, 5.63710927963257, 22.1860408782959], "Sum": [26.6251564025879, 27.1434783935547, 27.534008026123047, 27.534008026123047, 27.828156948089624, 99.6899604797363], "Power of 2": [5.4481029510498, 5.598068237304685, 5.75006008148193, 5.75006008148193, 5.91927766799927, 25.4402160644531], "Sigmoid": [13.7341022491455, 14.0781402587891, 14.2124891281128, 14.2124891281128, 14.433503150939977, 57.5871467590332], "Tanh": [32.7320098876953, 33.231019973754876, 33.496975898742704, 33.496975898742704, 34.065306186676, 100.867033004761]}, "nodejs": {"Multiplication by 2": [38.150923, 38.8297305, 39.3454625, 39.3454625, 41.18974525, 154.955734], "Sum": [6.337248, 6.419274, 6.596222, 6.596222, 6.77150375, 26.925666], "Power of 2": [5.261185, 5.322229500000001, 5.494704499999999, 5.494704499999999, 5.73020225, 14.935089], "Sigmoid": [27.368516, 27.8745895, 28.151069, 28.151069, 28.81378975, 92.538418], "Tanh": [34.129194, 34.33018975, 34.620087, 34.620087, 35.66721875, 141.818145]}, "go": {"Multiplication by 2": [1.422982, 1.7634275000000001, 4.7959815, 4.7959815, 4.971204, 5.897443], "Sum": [1.513028, 1.580694, 1.5891185, 1.5891185, 1.6419949999999999, 2.250868], "Power of 2": [43.719151, 44.091522499999996, 44.296524500000004, 44.296524500000004, 44.52061175, 47.067284], "Sigmoid": [18.745445, 18.89657375, 18.985760499999998, 18.985760499999998, 19.1582315, 20.629519], "Tanh": [50.975004, 51.25386075, 51.5387215, 51.5387215, 51.9468105, 69.557078]}, "py_numpy": {"Multiplication by 2": [4.162788391113281, 4.418611526489258, 4.594922065734863, 4.594922065734863, 4.8506855964660645, 19.088029861450195], "Sum": [7.158994674682617, 7.485747337341309, 7.63249397277832, 7.63249397277832, 7.92008638381958, 23.56410026550293], "Power of 2": [3.4110546112060547, 3.5052895545959473, 3.5609006881713867, 3.5609006881713867, 3.684401512145996, 11.218786239624023], "Sigmoid": [17.7919864654541, 18.242835998535156, 18.4481143951416, 18.4481143951416, 18.737971782684326, 70.94216346740723], "Tanh": [36.8046760559082, 37.602126598358154, 38.055419921875, 38.055419921875, 38.42127323150635, 130.9189796447754]}}