{"Multiplication by 2": {"cpp": [7.18577, 7.2385225, 7.264115, 7.264115, 7.354710000000001, 15.2483], "go": [5.435757, 5.55827775, 6.980974, 6.980974, 7.090805, 14.131494], "nodejs": [44.294146, 45.06854, 45.3918725, 45.3918725, 45.99483, 150.014383], "py_vanila": [88.46855163574219, 91.27050638198853, 113.95394802093506, 113.95394802093506, 216.87203645706177, 239.0267848968506], "py_numpy": [3.117799758911133, 3.2460689544677734, 3.4160614013671875, 3.4160614013671875, 3.9306282997131348, 14.365434646606445], "r": [5.6309700012207, 5.684316158294674, 5.72574138641357, 5.72574138641357, 5.768656730651852, 11.9316577911377]}, "Sum": {"cpp": [6.34365, 6.386492500000001, 6.41132, 6.41132, 6.459385, 18.4271], "go": [2.169656, 2.2340617500000004, 2.4752205, 2.4752205, 2.5445192500000005, 5.630336], "nodejs": [8.062779, 8.190051500000001, 8.258417999999999, 8.258417999999999, 8.38145875, 17.552818], "py_vanila": [50.32610893249512, 51.40620470046997, 52.724480628967285, 52.724480628967285, 176.51307582855225, 211.6832733154297], "py_numpy": [5.548238754272461, 6.11346960067749, 6.44838809967041, 6.44838809967041, 6.886124610900879, 18.37468147277832], "r": [26.9019603729248, 27.44084596633915, 27.5557041168213, 27.5557041168213, 27.778685092926, 56.1192035675049]}, "Power of 2": {"cpp": [12.0445, 12.22885, 12.322949999999999, 12.322949999999999, 12.457075, 24.4637], "go": [51.045534, 51.5537255, 51.9178645, 51.9178645, 52.816721, 75.66118], "nodejs": [7.483685, 7.6019767499999995, 7.660615999999999, 7.660615999999999, 7.762605, 12.992333], "py_vanila": [363.33703994750977, 384.93824005126953, 758.6266994476318, 758.6266994476318, 771.8834280967712, 1159.1567993164062], "py_numpy": [3.6468505859375, 3.965437412261963, 4.176497459411621, 4.176497459411621, 4.840612411499023, 10.771751403808594], "r": [5.99217414855957, 6.0723423957824725, 6.104111671447755, 6.104111671447755, 6.1619281768798855, 12.7022266387939]}, "Sigmoid": {"cpp": [56.5295, 56.72155, 56.93365, 56.93365, 57.259575, 161.117], "go": [22.699199, 22.888253, 23.024953, 23.024953, 23.188282249999997, 37.377359], "nodejs": [46.656489, 47.06953599999999, 47.3370435, 47.3370435, 47.8545, 116.084669], "py_vanila": [330.2419185638428, 354.98952865600586, 718.1285619735718, 718.1285619735718, 734.1562509536743, 1417.6371097564697], "py_numpy": [26.967287063598633, 27.513861656188965, 27.787446975708008, 27.787446975708008, 28.365910053253174, 61.19275093078613], "r": [15.2416229248047, 15.5167579650879, 15.6135559082031, 15.6135559082031, 15.695273876190225, 36.0186100006104]}, "Tanh": {"cpp": [105.95, 106.41300000000001, 106.806, 106.806, 107.56, 261.558], "go": [33.873303, 34.23301275, 34.399356499999996, 34.399356499999996, 34.7593255, 51.688837], "nodejs": [50.977719, 51.452659249999996, 51.7913635, 51.7913635, 52.4824635, 112.972133], "py_vanila": [439.1179084777832, 466.6822552680969, 857.0754528045654, 857.0754528045654, 976.140022277832, 1639.1124725341797], "py_numpy": [58.22300910949707, 59.17030572891235, 59.68821048736572, 59.68821048736572, 60.20486354827881, 120.4233169555664], "r": [47.9423999786377, 48.72590303421018, 49.0264892578125, 49.0264892578125, 49.46929216384885, 110.651016235352]}}